{
  "integrations": [
    {
      "id": "3583b191-02ef-4e37-8034-8fdaec373c7f",
      "name": "Inbound from Jenkins",
      "action": "CREATE_EVENT",
      "type": "INBOUND_WEBHOOK",
      "deployed": true,
      "form": "5d1cc315-7446-495f-b0b8-272a77944897",
      "script": "\n\n\n//including the Jenkins shared library.\nvar Jenkins = require(\"Jenkins\");\n\nvar data;\n\n// If your data is posted as JSON\n data = JSON.parse(request.body);\nconsole.log(JSON.stringify(data));\n\n//Only Environment variables are available to be sent from Jenkins.  In order to \n//get more information including the status of the build need to call a \n//a GET back into Jenkins.\nvar response = JSON.parse(Jenkins.getBuildStatus(data.job_name));\n\n//Parsing the JSON response of the GET to get the build status.\nvar buildstatusj = response.result;\n\n//Retrieving the string value of the JSON build status.\nvar buildstatus = JSON.stringify(buildstatusj);\nconsole.log(\"Build Status \" + buildstatus);\n\n// Parse data from incoming payload and construct the trigger object\ntrigger.properties.build_name = data.job_name;\ntrigger.properties.build_number = data.build_number;\ntrigger.properties.Description = \"Build \" + data.build_number + \"with status of \" + buildstatus;\n\n\n// Define recipients\nvar recipients = [];\n// Add a recipient targeting a user or group\nrecipients.push({\n    'targetName': 'DevOps'\n});\n\n// Add a recipient targeting specific devices\ntrigger.recipients = recipients;\n\n// Post trigger to form\nform.post(trigger);\n\n",
      "environment": "HOSTED"
    }
  ],
  "endpoints": [
    {
      "name": "Jenkins",
      "baseUrl": "http://services-uswest.skytap.com:29042",
      "type": "EXTERNAL",
      "authentication": "NO_AUTH"
    }
  ],
  "constants": []
}